-- phpMyAdmin SQL Dump
-- version 4.6.5.2
-- https://www.phpmyadmin.net/
--
-- Host: 127.0.0.1
-- Generation Time: Feb 21, 2017 at 12:15 PM
-- Server version: 10.1.21-MariaDB
-- PHP Version: 5.6.30

SET SQL_MODE = "NO_AUTO_VALUE_ON_ZERO";
SET time_zone = "+00:00";


/*!40101 SET @OLD_CHARACTER_SET_CLIENT=@@CHARACTER_SET_CLIENT */;
/*!40101 SET @OLD_CHARACTER_SET_RESULTS=@@CHARACTER_SET_RESULTS */;
/*!40101 SET @OLD_COLLATION_CONNECTION=@@COLLATION_CONNECTION */;
/*!40101 SET NAMES utf8mb4 */;

--
-- Database: `db_diving_portal`
--

-- --------------------------------------------------------

--
-- Table structure for table `banner`
--

CREATE TABLE `banner` (
  `banner_id` int(11) NOT NULL,
  `banner_background` varchar(250) NOT NULL,
  `image1` varchar(250) NOT NULL,
  `image2` varchar(250) NOT NULL
) ENGINE=InnoDB DEFAULT CHARSET=utf8;

--
-- Dumping data for table `banner`
--

INSERT INTO `banner` (`banner_id`, `banner_background`, `image1`, `image2`) VALUES
(1, 'sliderbg.jpg', '1.png', '2.png'),
(2, 'sliderbg.jpg', '3.png', '4.png');

-- --------------------------------------------------------

--
-- Table structure for table `daily_plan`
--

CREATE TABLE `daily_plan` (
  `daily_plan` int(11) NOT NULL,
  `country_id` int(11) NOT NULL,
  `island_id` int(11) NOT NULL,
  `per_day_amount` double(18,2) NOT NULL,
  `image` varchar(255) NOT NULL,
  `popular_dive_destination` varchar(100) NOT NULL DEFAULT 'No'
) ENGINE=InnoDB DEFAULT CHARSET=utf8;

--
-- Dumping data for table `daily_plan`
--

INSERT INTO `daily_plan` (`daily_plan`, `country_id`, `island_id`, `per_day_amount`, `image`, `popular_dive_destination`) VALUES
(1, 3, 1, 600.00, '', 'No'),
(2, 3, 2, 300.00, '', 'No'),
(3, 2, 4, 400.00, '', 'No'),
(4, 2, 3, 500.00, '', 'No'),
(8, 2, 6, 4500.00, '6.jpg', 'Yes');

-- --------------------------------------------------------

--
-- Table structure for table `dive_center`
--

CREATE TABLE `dive_center` (
  `dive_center_id` int(11) NOT NULL,
  `center_name` varchar(250) NOT NULL,
  `address1` varchar(250) NOT NULL,
  `address2` varchar(250) NOT NULL,
  `city` varchar(50) NOT NULL,
  `state` varchar(75) NOT NULL,
  `country_id` int(11) NOT NULL,
  `island_id` int(11) NOT NULL,
  `contact_person_name` varchar(250) NOT NULL,
  `contact_no` bigint(16) NOT NULL,
  `email_id` varchar(250) NOT NULL,
  `center_image` varchar(250) NOT NULL
) ENGINE=InnoDB DEFAULT CHARSET=utf8;

--
-- Dumping data for table `dive_center`
--

INSERT INTO `dive_center` (`dive_center_id`, `center_name`, `address1`, `address2`, `city`, `state`, `country_id`, `island_id`, `contact_person_name`, `contact_no`, `email_id`, `center_image`) VALUES
(1, 'Asia Diving Vacation', 'abc 3rd Floor, Block C', 'Damai Plaza IV 88300', 'Kota Kinabalu', 'paula', 3, 2, 'adam', 6023356988, 'adam@g.com', '2.jpg'),
(2, 'Cbc dive center', '123 dsknsdns', 'piosdsak', 'jgggkgubbj', '', 2, 5, 'sdsdvn', 9687456445, 'vghgh@gmail.com', '1.jpg'),
(3, 'ggg dive center', '45 dsnfdsfnsd', 'dsakasdk', 'paul kdsds', '', 2, 8, 'hajhbj', 4646464446, 'hh@g.com', '3.jpg');

-- --------------------------------------------------------

--
-- Table structure for table `employee`
--

CREATE TABLE `employee` (
  `id` int(11) NOT NULL,
  `name` varchar(50) DEFAULT NULL,
  `gender` char(20) DEFAULT NULL,
  `photo` text NOT NULL
) ENGINE=InnoDB DEFAULT CHARSET=utf8;

--
-- Dumping data for table `employee`
--

INSERT INTO `employee` (`id`, `name`, `gender`, `photo`) VALUES
(7, 'annnn', '', ''),
(10, 'a', '', ''),
(11, 'a', '', ''),
(12, 'aaaa3434343', '', ''),
(13, 'asa22', '', ''),
(14, 'aaa', 'aa', ''),
(15, 'aaa', 'aa', ''),
(16, ' njk', '', ''),
(17, 'aaaaaa', 'aa', 'Screenshot (8).png'),
(18, 'aaaaaa', 'aa', ''),
(19, 'nnn', 'nnn', ''),
(20, 'nnn', 'nnn', '');

-- --------------------------------------------------------

--
-- Table structure for table `product`
--

CREATE TABLE `product` (
  `product_id` int(11) NOT NULL,
  `product_name` varchar(60) NOT NULL,
  `product_image` varchar(250) NOT NULL,
  `price` double(18,2) NOT NULL,
  `product_description` text NOT NULL
) ENGINE=InnoDB DEFAULT CHARSET=utf8;

--
-- Dumping data for table `product`
--

INSERT INTO `product` (`product_id`, `product_name`, `product_image`, `price`, `product_description`) VALUES
(1, 'BCD', 'BCD.jpg', 500.00, 'dkjhfkdshfs ksdfnkdsnf ds fkdsfkds'),
(2, 'Dive Lignits', 'divelignits2.jpg', 350.00, 'vxcbxvcbxvcbvcbvbvcbvcb'),
(4, 'Fins', 'fins2.png', 450.00, 'dssfffffffdsfdsfds'),
(5, 'Gearbags', 'gearbags.jpg', 440.00, 'fdnfndsfdnsfnds'),
(6, 'Mask', 'masks.jpg', 560.00, 'dsfsffdfdfdf'),
(7, 'REBREATHERS', 'REBREATHERS1.jpg', 1500.00, 'czfdsfdfdf'),
(8, 'Regulator', 'regulator.jpg', 1000.00, 'xzcxzcxzcxzcxc'),
(9, 'Side Mount', 'side-mount.jpg', 1300.00, 'dfdasfdfdff'),
(10, 'Snorkel', 'Snorkel-set.jpg', 800.00, 'dsfsdfdsfdsfdsf');

-- --------------------------------------------------------

--
-- Table structure for table `special_offer`
--

CREATE TABLE `special_offer` (
  `special_offer_id` int(11) NOT NULL,
  `offer_image` varchar(250) NOT NULL,
  `offer_period` varchar(20) NOT NULL,
  `price` double(18,2) NOT NULL,
  `starting_place_id` int(11) NOT NULL,
  `destination_place_id` int(11) NOT NULL,
  `start_km` varchar(50) NOT NULL,
  `note` text NOT NULL
) ENGINE=InnoDB DEFAULT CHARSET=utf8;

--
-- Dumping data for table `special_offer`
--

INSERT INTO `special_offer` (`special_offer_id`, `offer_image`, `offer_period`, `price`, `starting_place_id`, `destination_place_id`, `start_km`, `note`) VALUES
(1, '1.jpg', 'Feb 25th', 4500.00, 3, 4, '1200', '<p><strong>special offer dive center.</strong></p>\r\n'),
(2, '2.jpg', 'mar 15th', 2500.00, 2, 3, '1700000', 'sdhkfdsbdfdfbdkbfkdf, kdsbfkdbks'),
(3, '3.jpg', 'feb 5', 1800.00, 3, 2, '2500000', 'dsndsfmds'),
(4, '4.jpg', 'mar 5', 600.00, 3, 3, '25000', 'bjdsdsdksdbsd');

-- --------------------------------------------------------

--
-- Table structure for table `tbl_country`
--

CREATE TABLE `tbl_country` (
  `country_id` int(11) NOT NULL,
  `country_name` varchar(150) NOT NULL
) ENGINE=InnoDB DEFAULT CHARSET=utf8;

--
-- Dumping data for table `tbl_country`
--

INSERT INTO `tbl_country` (`country_id`, `country_name`) VALUES
(2, 'India'),
(3, 'Malaysia');

-- --------------------------------------------------------

--
-- Table structure for table `tbl_employee`
--

CREATE TABLE `tbl_employee` (
  `id` int(11) NOT NULL,
  `ename` varchar(255) NOT NULL,
  `dob` date DEFAULT NULL,
  `designation` varchar(255) NOT NULL,
  `street1` varchar(255) DEFAULT NULL,
  `street2` varchar(255) DEFAULT NULL,
  `city` varchar(255) DEFAULT NULL,
  `state` varchar(255) DEFAULT NULL,
  `country` varchar(255) DEFAULT NULL,
  `phone_number` varchar(25) DEFAULT NULL,
  `email` varchar(50) NOT NULL,
  `password` varchar(250) NOT NULL,
  `photo` varchar(255) DEFAULT NULL,
  `branch_no` int(11) NOT NULL
) ENGINE=InnoDB DEFAULT CHARSET=latin1;

--
-- Dumping data for table `tbl_employee`
--

INSERT INTO `tbl_employee` (`id`, `ename`, `dob`, `designation`, `street1`, `street2`, `city`, `state`, `country`, `phone_number`, `email`, `password`, `photo`, `branch_no`) VALUES
(8, 'Super Admin', '2017-01-04', 'SUPERADMIN', 'hh', 'hh', 'hh', 'h', 'hh', 'h', 'gow@gmail.com', '123', NULL, 1),
(13, 'admin', '2017-01-04', 'ADMIN', 's1', 's2', 'cc', 'ss', 'ss', 'ss', 'admin', '123', NULL, 0),
(14, 'Mk', '2017-01-04', 'MARKETINGPERSON', 'sa', 'sa', 'sa', 'sa', 'sa', '1223', 'mk', '123', NULL, 0);

-- --------------------------------------------------------

--
-- Table structure for table `tbl_island`
--

CREATE TABLE `tbl_island` (
  `island_id` int(11) NOT NULL,
  `country_id` int(11) NOT NULL,
  `island_name` varchar(150) NOT NULL
) ENGINE=InnoDB DEFAULT CHARSET=utf8;

--
-- Dumping data for table `tbl_island`
--

INSERT INTO `tbl_island` (`island_id`, `country_id`, `island_name`) VALUES
(1, 2, 'test1'),
(2, 3, 'fgdfgdfg'),
(3, 3, 'fdgdfgfg'),
(4, 3, 'fdgdfgdfg'),
(5, 2, 'test3'),
(6, 2, 'test2'),
(7, 3, 'dsdsfs'),
(8, 2, 'test4');

-- --------------------------------------------------------

--
-- Table structure for table `tbl_social_links`
--

CREATE TABLE `tbl_social_links` (
  `id` int(15) NOT NULL,
  `name` varchar(100) NOT NULL,
  `fa_icon_name` varchar(100) NOT NULL,
  `links` text NOT NULL
) ENGINE=InnoDB DEFAULT CHARSET=latin1;

--
-- Dumping data for table `tbl_social_links`
--

INSERT INTO `tbl_social_links` (`id`, `name`, `fa_icon_name`, `links`) VALUES
(1, 'Twitter', 'fa fa-twitter', '#'),
(2, 'Pinterest', 'fa fa-pinterest', '#'),
(3, 'Facebook', 'fa fa-facebook', '#'),
(4, 'Google Plus', 'fa fa-google-plus', '#'),
(5, 'Instagram', 'fa fa-instagram', '#'),
(6, 'Linkedin', 'fa fa-linkedin', '#');

-- --------------------------------------------------------

--
-- Table structure for table `user`
--

CREATE TABLE `user` (
  `user_id` bigint(20) NOT NULL,
  `password` varchar(255) NOT NULL,
  `user_type` varchar(255) NOT NULL,
  `email` varchar(255) NOT NULL,
  `logged_in` varchar(255) NOT NULL,
  `last_login` datetime NOT NULL,
  `first_name` varchar(255) NOT NULL,
  `middle_name` varchar(255) NOT NULL,
  `last_name` varchar(255) NOT NULL,
  `emp_no` int(11) NOT NULL
) ENGINE=InnoDB DEFAULT CHARSET=latin1;

--
-- Dumping data for table `user`
--

INSERT INTO `user` (`user_id`, `password`, `user_type`, `email`, `logged_in`, `last_login`, `first_name`, `middle_name`, `last_name`, `emp_no`) VALUES
(33, '123', 'SUPERADMIN', 'sadmin', 'TRUE', '2017-02-21 03:18:15', 'Super Admin', '', '', 8),
(40, '123', 'ADMIN', 'admin', 'FALSE', '2017-01-17 12:31:16', 'admin', '', '', 13),
(41, '123', 'MARKETINGPERSON', 'mk', 'FALSE', '2017-01-17 12:30:10', 'Mk', '', '', 14);

--
-- Indexes for dumped tables
--

--
-- Indexes for table `banner`
--
ALTER TABLE `banner`
  ADD PRIMARY KEY (`banner_id`);

--
-- Indexes for table `daily_plan`
--
ALTER TABLE `daily_plan`
  ADD PRIMARY KEY (`daily_plan`);

--
-- Indexes for table `dive_center`
--
ALTER TABLE `dive_center`
  ADD PRIMARY KEY (`dive_center_id`);

--
-- Indexes for table `employee`
--
ALTER TABLE `employee`
  ADD PRIMARY KEY (`id`);

--
-- Indexes for table `product`
--
ALTER TABLE `product`
  ADD PRIMARY KEY (`product_id`);

--
-- Indexes for table `special_offer`
--
ALTER TABLE `special_offer`
  ADD PRIMARY KEY (`special_offer_id`);

--
-- Indexes for table `tbl_country`
--
ALTER TABLE `tbl_country`
  ADD PRIMARY KEY (`country_id`);

--
-- Indexes for table `tbl_employee`
--
ALTER TABLE `tbl_employee`
  ADD PRIMARY KEY (`id`);

--
-- Indexes for table `tbl_island`
--
ALTER TABLE `tbl_island`
  ADD PRIMARY KEY (`island_id`);

--
-- Indexes for table `tbl_social_links`
--
ALTER TABLE `tbl_social_links`
  ADD PRIMARY KEY (`id`);

--
-- Indexes for table `user`
--
ALTER TABLE `user`
  ADD PRIMARY KEY (`user_id`);

--
-- AUTO_INCREMENT for dumped tables
--

--
-- AUTO_INCREMENT for table `banner`
--
ALTER TABLE `banner`
  MODIFY `banner_id` int(11) NOT NULL AUTO_INCREMENT, AUTO_INCREMENT=3;
--
-- AUTO_INCREMENT for table `daily_plan`
--
ALTER TABLE `daily_plan`
  MODIFY `daily_plan` int(11) NOT NULL AUTO_INCREMENT, AUTO_INCREMENT=9;
--
-- AUTO_INCREMENT for table `dive_center`
--
ALTER TABLE `dive_center`
  MODIFY `dive_center_id` int(11) NOT NULL AUTO_INCREMENT, AUTO_INCREMENT=4;
--
-- AUTO_INCREMENT for table `employee`
--
ALTER TABLE `employee`
  MODIFY `id` int(11) NOT NULL AUTO_INCREMENT, AUTO_INCREMENT=21;
--
-- AUTO_INCREMENT for table `product`
--
ALTER TABLE `product`
  MODIFY `product_id` int(11) NOT NULL AUTO_INCREMENT, AUTO_INCREMENT=11;
--
-- AUTO_INCREMENT for table `special_offer`
--
ALTER TABLE `special_offer`
  MODIFY `special_offer_id` int(11) NOT NULL AUTO_INCREMENT, AUTO_INCREMENT=5;
--
-- AUTO_INCREMENT for table `tbl_country`
--
ALTER TABLE `tbl_country`
  MODIFY `country_id` int(11) NOT NULL AUTO_INCREMENT, AUTO_INCREMENT=4;
--
-- AUTO_INCREMENT for table `tbl_employee`
--
ALTER TABLE `tbl_employee`
  MODIFY `id` int(11) NOT NULL AUTO_INCREMENT, AUTO_INCREMENT=15;
--
-- AUTO_INCREMENT for table `tbl_island`
--
ALTER TABLE `tbl_island`
  MODIFY `island_id` int(11) NOT NULL AUTO_INCREMENT, AUTO_INCREMENT=9;
--
-- AUTO_INCREMENT for table `tbl_social_links`
--
ALTER TABLE `tbl_social_links`
  MODIFY `id` int(15) NOT NULL AUTO_INCREMENT, AUTO_INCREMENT=7;
--
-- AUTO_INCREMENT for table `user`
--
ALTER TABLE `user`
  MODIFY `user_id` bigint(20) NOT NULL AUTO_INCREMENT, AUTO_INCREMENT=42;
/*!40101 SET CHARACTER_SET_CLIENT=@OLD_CHARACTER_SET_CLIENT */;
/*!40101 SET CHARACTER_SET_RESULTS=@OLD_CHARACTER_SET_RESULTS */;
/*!40101 SET COLLATION_CONNECTION=@OLD_COLLATION_CONNECTION */;
